rms,zcr,spectral_centroid,mfcc_1,mfcc_2,mfcc_3,mfcc_4,mfcc_5,chroma_C,chroma_C#,chroma_D,chroma_D#,chroma_E,chroma_F,chroma_F#,chroma_G,chroma_G#,chroma_A,chroma_A#,chroma_B,label,filename
0.16679242253303528,0.08177490234375,655.4234806230821,-73.17935943603516,98.70635223388672,22.50800323486328,28.309179306030273,13.326026916503906,0.39380568265914917,0.44584688544273376,0.3596465587615967,0.35433465242385864,0.4318827688694,0.37627464532852173,0.376871794462204,0.3835768699645996,0.6388818621635437,0.8236796259880066,0.4057888388633728,0.3693601191043854,Adur,00051.wav
0.19287723302841187,0.09288330078125,643.6344576244658,-62.1097526550293,100.63368225097656,22.499279022216797,26.414554595947266,14.60108757019043,0.3663926124572754,0.40374165773391724,0.31052976846694946,0.26765546202659607,0.40602508187294006,0.3053216338157654,0.2978456914424896,0.3352468013763428,0.584197461605072,0.9218485951423645,0.41610804200172424,0.37772417068481445,Adur,00052.wav
0.19071611762046814,0.07763671875,645.7551499027022,-52.790435791015625,96.72624206542969,24.327709197998047,27.742839813232422,15.360214233398438,0.4086695611476898,0.36097535490989685,0.35297462344169617,0.34657785296440125,0.42883166670799255,0.330352246761322,0.30987125635147095,0.3589775264263153,0.6380831599235535,0.8732286691665649,0.46046552062034607,0.5153103470802307,Adur,00053.wav
0.16836069524288177,0.08673095703125,649.3491581574016,-69.52290344238281,103.068115234375,20.177488327026367,30.818622589111328,12.630653381347656,0.30069583654403687,0.3887335956096649,0.2840557098388672,0.24999026954174042,0.40487831830978394,0.2661195993423462,0.24693003296852112,0.27957144379615784,0.5383363366127014,0.9362260699272156,0.44501858949661255,0.2959604859352112,Adur,00054.wav
0.16238228976726532,0.081103515625,661.1457889073006,-77.05670166015625,102.13322448730469,20.357641220092773,28.3037052154541,11.821809768676758,0.29722219705581665,0.39044463634490967,0.2807689607143402,0.3003694415092468,0.5308400392532349,0.2949128746986389,0.22715194523334503,0.25055131316185,0.5139372944831848,0.8800994753837585,0.3655830919742584,0.27793049812316895,Adur,00055.wav
0.15711785852909088,0.0656494140625,604.2357760323316,-109.97856140136719,105.35923767089844,26.91457176208496,28.506561279296875,12.396675109863281,0.33797866106033325,0.3472215533256531,0.23191003501415253,0.20501065254211426,0.37460076808929443,0.22136858105659485,0.21234922111034393,0.26920241117477417,0.531643271446228,0.8852672576904297,0.3995171785354614,0.3062308132648468,Adur,00056.wav
0.1484249234199524,0.07139892578125,648.950430349754,-85.79618835449219,100.19063568115234,23.4841251373291,26.26738929748535,13.393206596374512,0.4281485974788666,0.5749118328094482,0.3520599901676178,0.2207995355129242,0.4055163264274597,0.31434157490730286,0.32495272159576416,0.36448922753334045,0.5943468809127808,0.9233387112617493,0.4576806128025055,0.403430312871933,Adur,00057.wav
0.16919921338558197,0.0871826171875,642.8629483864781,-74.1704330444336,102.09107971191406,20.906330108642578,28.28279685974121,13.560251235961914,0.3339717984199524,0.52674800157547,0.2639617323875427,0.20763273537158966,0.3681269586086273,0.24011464416980743,0.23204576969146729,0.2827436029911041,0.5626603364944458,0.8564394116401672,0.37711066007614136,0.3143685758113861,Adur,00058.wav
0.14816798269748688,0.06361083984375,646.1429358843013,-85.10308837890625,96.76619720458984,25.3636417388916,27.732635498046875,12.289708137512207,0.4996923506259918,0.5097350478172302,0.4019925594329834,0.2777978777885437,0.34509044885635376,0.3436703085899353,0.361689954996109,0.41947945952415466,0.6549645662307739,0.862975001335144,0.4610518515110016,0.4641430974006653,Adur,00059.wav
0.2030537873506546,0.0777587890625,662.0017604514512,-45.041038513183594,97.87043762207031,20.172399520874023,25.730609893798828,14.622387886047363,0.420215368270874,0.4523490369319916,0.3195514380931854,0.24919740855693817,0.5122004747390747,0.33562126755714417,0.2865341603755951,0.34843185544013977,0.5583981275558472,0.8966827392578125,0.4312346875667572,0.3896836042404175,Adur,00060.wav
0.15279027819633484,0.0890869140625,796.7255243882134,-45.244075775146484,89.10655212402344,-3.929666042327881,33.31388473510742,26.417255401611328,0.3821532428264618,0.40871062874794006,0.5899890661239624,0.40727338194847107,0.4487062096595764,0.7031621932983398,0.43600326776504517,0.41906771063804626,0.513363242149353,0.5961509346961975,0.8787124752998352,0.5203114748001099,Aisdur,00001.wav
0.21012528240680695,0.078076171875,763.6373163799075,-17.688282012939453,93.43370819091797,1.8333629369735718,33.603004455566406,25.049602508544922,0.2366628348827362,0.26601356267929077,0.4118395745754242,0.20136722922325134,0.30266276001930237,0.8064562082290649,0.2852330505847931,0.21813401579856873,0.28800636529922485,0.3339984118938446,0.6344795227050781,0.319896399974823,Aisdur,00002.wav
0.20379310846328735,0.08853759765625,652.368826112404,-47.444557189941406,96.95426940917969,21.601425170898438,29.21550941467285,17.746862411499023,0.43516191840171814,0.4695909023284912,0.6177864074707031,0.33679866790771484,0.4079527258872986,0.6737433671951294,0.4913099706172943,0.44505566358566284,0.575651228427887,0.6380615234375,0.7607039213180542,0.492720365524292,Aisdur,00061.wav
0.1387387216091156,0.08009033203125,657.3557856226711,-94.4014663696289,97.9716796875,22.21527671813965,29.84934425354004,18.341106414794922,0.44607287645339966,0.4605627954006195,0.6670262217521667,0.3481748700141907,0.36578768491744995,0.7382794618606567,0.4620109498500824,0.3970154821872711,0.49245530366897583,0.5480988621711731,0.7204596996307373,0.4782816767692566,Aisdur,00062.wav
0.20070666074752808,0.06402587890625,659.2206841991585,-41.73754119873047,98.05986022949219,23.74966049194336,27.47727394104004,14.515170097351074,0.4467070996761322,0.43587130308151245,0.624261736869812,0.2979969382286072,0.3238629102706909,0.6202336549758911,0.3685859739780426,0.3277631998062134,0.4766460955142975,0.5475374460220337,0.7698783874511719,0.4813815653324127,Aisdur,00063.wav
0.19393686950206757,0.08656005859375,641.9042727211706,-61.92863845825195,96.80513000488281,24.68819236755371,28.978618621826172,17.126249313354492,0.49230337142944336,0.4732509255409241,0.6130213141441345,0.3811350464820862,0.4012604355812073,0.5602089166641235,0.41468819975852966,0.429159551858902,0.5191774964332581,0.6050718426704407,0.810840904712677,0.5575762987136841,Aisdur,00064.wav
0.15931804478168488,0.0804931640625,676.0528862233543,-65.42289733886719,99.6270523071289,23.04507827758789,24.977497100830078,13.75494384765625,0.38356512784957886,0.4118103086948395,0.7245562672615051,0.3809560537338257,0.31899887323379517,0.7529488205909729,0.48104652762413025,0.37324899435043335,0.37201762199401855,0.3811699450016022,0.5905333757400513,0.3878445029258728,Aisdur,00066.wav
0.22496476769447327,0.08170166015625,663.0496367138406,-26.218341827392578,97.94129943847656,22.89937973022461,27.60895347595215,14.899179458618164,0.3128131031990051,0.3014935553073883,0.4310173988342285,0.22708921134471893,0.2929074764251709,0.7447385191917419,0.32104623317718506,0.29765745997428894,0.39757221937179565,0.4636717438697815,0.728707492351532,0.38314762711524963,Aisdur,00067.wav
0.2253282368183136,0.07359619140625,649.9983244401485,-32.19145584106445,98.123779296875,25.642364501953125,28.793209075927734,15.493962287902832,0.3750550448894501,0.36773812770843506,0.4862533509731293,0.291445791721344,0.3299972712993622,0.6328994631767273,0.4379444718360901,0.37160128355026245,0.4628671705722809,0.5241315960884094,0.7968586683273315,0.4762430191040039,Aisdur,00068.wav
0.1420600712299347,0.07158203125,749.7528482857625,-66.969482421875,95.20329284667969,-1.18429434299469,36.87816619873047,28.641357421875,0.1443730592727661,0.17159411311149597,0.36310380697250366,0.21825499832630157,0.3163120150566101,0.9062961339950562,0.3162404000759125,0.22422806918621063,0.2762700021266937,0.34267547726631165,0.646629810333252,0.27329152822494507,Aisdur,00069.wav
0.12231229245662689,0.04703369140625,661.3093215848686,-112.63621520996094,98.79874420166016,25.1635684967041,25.1519832611084,14.625900268554688,0.5575801134109497,0.4900537431240082,0.4402850270271301,0.4355330467224121,0.34555783867836,0.410970538854599,0.6467818021774292,0.4755670130252838,0.4820583760738373,0.4489963948726654,0.43393516540527344,0.8444482088088989,Bdur,00001.wav
0.20873425900936127,0.08563232421875,749.1984633070564,-38.71520233154297,93.75764465332031,0.39016562700271606,32.32460403442383,18.360614776611328,0.5371636152267456,0.3751251697540283,0.3298603892326355,0.39418691396713257,0.41200199723243713,0.493198961019516,0.603314995765686,0.46364760398864746,0.4612813889980316,0.41838255524635315,0.470238596200943,0.9206774830818176,Bdur,00002.wav
0.1462213397026062,0.09249267578125,738.6955062044533,-77.89414978027344,91.45362854003906,7.467649936676025,32.56367492675781,20.82935905456543,0.5661228895187378,0.4104267954826355,0.3754047155380249,0.4324932098388672,0.412715345621109,0.46096935868263245,0.607688307762146,0.5522161722183228,0.5756235122680664,0.492611825466156,0.5327256917953491,0.8848757743835449,Bdur,00003.wav
0.16378895938396454,0.08250732421875,768.0433034721282,-71.51507568359375,93.27892303466797,3.5462570190429688,34.691612243652344,19.460966110229492,0.45940932631492615,0.3577946126461029,0.3647173345088959,0.42561179399490356,0.3733136057853699,0.4198928773403168,0.6361575126647949,0.47977131605148315,0.4478382468223572,0.40580710768699646,0.48625072836875916,0.866158127784729,Bdur,00004.wav
0.15822556614875793,0.0842041015625,691.9920566459957,-90.69861602783203,96.64989471435547,13.151412963867188,33.02029800415039,19.723318099975586,0.4799865186214447,0.32774409651756287,0.26451951265335083,0.27936694025993347,0.22863280773162842,0.3373958170413971,0.5958496928215027,0.35306841135025024,0.32750025391578674,0.34966060519218445,0.41129985451698303,0.9170143008232117,Bdur,00005.wav
0.18296776711940765,0.081640625,771.2079421689248,-54.774497985839844,93.4291000366211,-0.7384710311889648,33.32752227783203,18.867950439453125,0.4615097939968109,0.33351919054985046,0.3242707848548889,0.39457637071609497,0.41090989112854004,0.4810425341129303,0.6928497552871704,0.49824175238609314,0.4529852867126465,0.3743976056575775,0.4231537878513336,0.827473521232605,Bdur,00006.wav
0.13418325781822205,0.050390625,772.467956250959,-88.20817565917969,88.69654083251953,3.141474485397339,33.40443801879883,24.964282989501953,0.652608335018158,0.4720175862312317,0.4200253486633301,0.4525987207889557,0.4336967468261719,0.5008882880210876,0.7282640337944031,0.5916823148727417,0.5714884996414185,0.5307390093803406,0.5610249042510986,0.9023401141166687,Bdur,00007.wav
0.1599394530057907,0.0728759765625,820.3657293701074,-47.94951248168945,88.11369323730469,-5.28618860244751,32.18122100830078,23.616796493530273,0.5424081087112427,0.4404655992984772,0.44598597288131714,0.492776095867157,0.4810912013053894,0.530985951423645,0.698246419429779,0.5702680945396423,0.5262529850006104,0.48999080061912537,0.5970457196235657,0.868822455406189,Bdur,00008.wav
0.16314832866191864,0.0594970703125,767.1189233676071,-85.02835845947266,90.87092590332031,1.2094849348068237,32.45344924926758,21.822643280029297,0.5419619679450989,0.43821221590042114,0.42911452054977417,0.4670393466949463,0.4561169743537903,0.5025168657302856,0.6830410957336426,0.5495115518569946,0.5563599467277527,0.5038635730743408,0.5406800508499146,0.8721025586128235,Bdur,00009.wav
0.20244713127613068,0.0770751953125,747.1895408480768,-46.33887481689453,94.67861938476562,0.9990140795707703,34.09300231933594,22.319812774658203,0.45090121030807495,0.26130038499832153,0.2369372844696045,0.2905597686767578,0.2829689383506775,0.3343820869922638,0.5824762582778931,0.3950093388557434,0.3501567244529724,0.3354875147342682,0.4361753463745117,0.9210525751113892,Bdur,00010.wav
0.1212569996714592,0.04044189453125,662.1813007569881,-128.32284545898438,91.91578674316406,27.032855987548828,28.5533390045166,14.39111328125,0.8657695651054382,0.6418697834014893,0.4602341055870056,0.3590434789657593,0.35566315054893494,0.4152248799800873,0.5482085943222046,0.7166311740875244,0.6505616903305054,0.5812336802482605,0.5321224927902222,0.6448659896850586,Cdur,00043.wav
0.11754471808671951,0.0416748046875,659.819995566772,-111.0573501586914,95.31089782714844,25.591323852539062,24.818857192993164,11.734293937683105,0.8664587140083313,0.5147093534469604,0.3801795244216919,0.3327762484550476,0.43536096811294556,0.3893890380859375,0.40063005685806274,0.4815848767757416,0.5080586671829224,0.4890361428260803,0.4189701974391937,0.5227568745613098,Cdur,00049.wav
0.14465540647506714,0.05260009765625,784.2533923335747,-81.32059478759766,88.78520965576172,-2.5635321140289307,32.156097412109375,24.02169418334961,0.7726796269416809,0.4637325704097748,0.402376651763916,0.4636591970920563,0.5393038988113403,0.5194334387779236,0.5652287602424622,0.6950575113296509,0.6376081705093384,0.5751459002494812,0.5328959226608276,0.5901952981948853,Cdur,00051.wav
0.12279599905014038,0.0548828125,657.1463554437701,-103.1999740600586,99.03382873535156,27.06992530822754,28.732280731201172,13.364179611206055,0.820212721824646,0.35602042078971863,0.19643744826316833,0.19986923038959503,0.3226860761642456,0.25445660948753357,0.30660077929496765,0.6241418123245239,0.37469127774238586,0.260662317276001,0.20658977329730988,0.34159666299819946,Cdur,00052.wav
0.1989831030368805,0.06566162109375,613.9662332605994,-71.16290283203125,101.21762084960938,30.266342163085938,30.355361938476562,15.190032958984375,0.8776817321777344,0.3638945519924164,0.16835859417915344,0.13524988293647766,0.16579250991344452,0.1791037917137146,0.27466267347335815,0.6235740780830383,0.3251130282878876,0.2166147232055664,0.15786197781562805,0.30888277292251587,Cdur,00053.wav
0.15236856043338776,0.0529052734375,730.8714898707058,-73.966064453125,93.90150451660156,0.8902310132980347,35.078189849853516,25.132709503173828,0.8614354133605957,0.3472842574119568,0.17380374670028687,0.17144477367401123,0.25026699900627136,0.18055573105812073,0.23650816082954407,0.5146926045417786,0.2843274474143982,0.19034376740455627,0.18975481390953064,0.38536709547042847,Cdur,00054.wav
0.16072721779346466,0.06749267578125,752.3780947117073,-65.72380828857422,92.0970458984375,-2.753206491470337,35.1013298034668,27.427013397216797,0.8431922197341919,0.3493773341178894,0.21067354083061218,0.22502247989177704,0.29518231749534607,0.22984996438026428,0.2644050121307373,0.514763593673706,0.31397438049316406,0.2556348443031311,0.24686792492866516,0.38215553760528564,Cdur,00055.wav
0.1463855504989624,0.05169677734375,662.4589819070114,-103.48594665527344,93.27186584472656,25.456954956054688,28.123706817626953,12.331114768981934,0.79979407787323,0.617766261100769,0.4711335599422455,0.3257395327091217,0.3390003740787506,0.4297020435333252,0.5327203869819641,0.7181216478347778,0.680091142654419,0.6038246154785156,0.5049231052398682,0.6373301148414612,Cdur,00056.wav
0.12004178017377853,0.03988037109375,672.206995661383,-113.1679458618164,93.28258514404297,25.041357040405273,26.895105361938477,13.584538459777832,0.8422664403915405,0.5917752981185913,0.5015400052070618,0.37063488364219666,0.3445618152618408,0.36203688383102417,0.40351805090904236,0.5523236393928528,0.46823635697364807,0.45378249883651733,0.4163185954093933,0.5345418453216553,Cdur,00057.wav
0.20552261173725128,0.05401611328125,593.7101348657977,-84.07161712646484,107.57584381103516,29.45635986328125,28.543285369873047,13.675094604492188,0.6609166860580444,0.2844943702220917,0.13168469071388245,0.13152213394641876,0.2122468203306198,0.14779460430145264,0.236965149641037,0.8184419870376587,0.35305917263031006,0.17200174927711487,0.13055016100406647,0.24153617024421692,Cdur,00058.wav
0.1423102468252182,0.051513671875,642.53383416016,-114.95390319824219,98.17304992675781,27.754507064819336,27.724777221679688,11.66943073272705,0.5301146507263184,0.6787391901016235,0.4436023235321045,0.2810599207878113,0.31885069608688354,0.6101504564285278,0.4273685812950134,0.40287333726882935,0.7151760458946228,0.5295711755752563,0.3939593434333801,0.38175535202026367,Cisdur,00001.wav
0.18034948408603668,0.05399169921875,640.7585254425555,-94.53562927246094,99.11054992675781,27.466501235961914,28.01727294921875,13.016824722290039,0.3468369245529175,0.43831053376197815,0.29573965072631836,0.20565620064735413,0.25422078371047974,0.5333660840988159,0.3096545338630676,0.32711178064346313,0.5714661478996277,0.32835665345191956,0.2830965518951416,0.2879330515861511,Cisdur,00002.wav
0.12632377445697784,0.08748779296875,675.9620767867389,-124.19244384765625,92.60892486572266,25.32517433166504,26.807178497314453,13.10662841796875,0.6394137144088745,0.7509760856628418,0.5926568508148193,0.4861585199832916,0.48252448439598083,0.55826336145401,0.5656333565711975,0.5096274614334106,0.6190178990364075,0.5447407960891724,0.4722565710544586,0.5225276947021484,Cisdur,00003.wav
0.14671620726585388,0.07159423828125,641.4690308330603,-105.12474060058594,97.02040100097656,26.477657318115234,26.374502182006836,12.096284866333008,0.572371780872345,0.6677007079124451,0.4227016568183899,0.31828755140304565,0.3749271035194397,0.5663716793060303,0.43740397691726685,0.4532593786716461,0.6387262940406799,0.45576661825180054,0.3571324944496155,0.47764238715171814,Cisdur,00004.wav
0.13631659746170044,0.0552001953125,661.6978502405473,-110.43510437011719,95.6637954711914,25.8040714263916,28.033855438232422,14.15582275390625,0.5294251441955566,0.7772992849349976,0.5204861760139465,0.36807048320770264,0.3611815273761749,0.46612682938575745,0.4299324154853821,0.4736943244934082,0.7300962209701538,0.4565889835357666,0.3226625919342041,0.3990151286125183,Cisdur,00005.wav
0.15892736613750458,0.068408203125,613.6414973492901,-104.64237213134766,102.83050537109375,28.5674991607666,26.5190372467041,9.361567497253418,0.3013518452644348,0.6737129092216492,0.25654977560043335,0.1276264637708664,0.16841831803321838,0.34861984848976135,0.20381835103034973,0.2697969675064087,0.8251639604568481,0.3167937099933624,0.1475759893655777,0.18656793236732483,Cisdur,00006.wav
0.133505716919899,0.0709716796875,634.6718392893366,-116.08671569824219,96.9651870727539,27.6771240234375,27.161584854125977,12.960551261901855,0.4859088957309723,0.548160195350647,0.3611224293708801,0.27287179231643677,0.2948532700538635,0.6400836110115051,0.4011397361755371,0.38368210196495056,0.6015537977218628,0.44463983178138733,0.3544559180736542,0.3901768624782562,Cisdur,00007.wav
0.11324208229780197,0.05618896484375,684.4904098007846,-109.39485168457031,92.82763671875,25.97443199157715,27.969934463500977,12.996191024780273,0.5091232061386108,0.6757532358169556,0.4846479296684265,0.37404149770736694,0.3807811439037323,0.5693941116333008,0.47476309537887573,0.436053603887558,0.7330034971237183,0.5080616474151611,0.4132155478000641,0.4266929030418396,Cisdur,00010.wav
0.0975489690899849,0.08447265625,776.3923739908047,-132.3639678955078,83.2380599975586,18.71006202697754,25.993200302124023,16.228574752807617,0.6677040457725525,0.6578789949417114,0.4898597300052643,0.3451929986476898,0.36007264256477356,0.48551225662231445,0.6045024991035461,0.5824576020240784,0.8120135068893433,0.6987808346748352,0.543005108833313,0.616564154624939,Cisdur,00015.wav
0.13887733221054077,0.050048828125,642.6142760257409,-119.1751708984375,95.76319122314453,28.79743003845215,26.453418731689453,12.322446823120117,0.6474509239196777,0.7437141537666321,0.4771668314933777,0.320742130279541,0.3319404125213623,0.4618212580680847,0.41922417283058167,0.46110010147094727,0.7695579528808594,0.5260992646217346,0.38751545548439026,0.5144051313400269,Cisdur,00020.wav
0.16817112267017365,0.06710205078125,678.0586100130116,-69.48841857910156,101.36814880371094,21.787118911743164,24.963134765625,12.302231788635254,0.2297765016555786,0.3349788784980774,0.8193777203559875,0.329371839761734,0.1885019987821579,0.21841755509376526,0.43235841393470764,0.20313160121440887,0.3220447897911072,0.6964060664176941,0.31051748991012573,0.19238433241844177,Ddur,00001.wav
0.16662374138832092,0.08350830078125,812.87452050089,-37.80511474609375,88.15119934082031,-2.704124689102173,25.941497802734375,21.51480484008789,0.46926259994506836,0.5070391893386841,0.6889728307723999,0.5238370299339294,0.46259745955467224,0.49516353011131287,0.7004624009132385,0.5518794655799866,0.5962692499160767,0.6958474516868591,0.5280973315238953,0.4822692275047302,Ddur,00004.wav
0.13446044921875,0.08360595703125,788.4477413092643,-62.17632293701172,92.16963958740234,4.770501136779785,23.600473403930664,15.226000785827637,0.34134918451309204,0.4528605043888092,0.8099430799484253,0.3355918526649475,0.3301229774951935,0.30164992809295654,0.3345258831977844,0.2873322665691376,0.41607531905174255,0.7130346298217773,0.3513959050178528,0.29606661200523376,Ddur,00005.wav
0.13288745284080505,0.0661376953125,728.1928498710171,-83.24226379394531,95.42354583740234,14.900418281555176,24.701961517333984,12.852221488952637,0.40869593620300293,0.45243698358535767,0.7382081747055054,0.3914417624473572,0.30400145053863525,0.328757643699646,0.4504857063293457,0.3603450357913971,0.49318355321884155,0.7728824615478516,0.4558316767215729,0.4076067805290222,Ddur,00006.wav
0.0933636873960495,0.0347412109375,427.03981190507403,-316.0780334472656,52.58363723754883,5.515341758728027,17.53293228149414,11.737970352172852,0.5558297634124756,0.6089149713516235,0.8981035351753235,0.5781180262565613,0.47513747215270996,0.45884984731674194,0.5965490937232971,0.5181263089179993,0.5666037797927856,0.7833203673362732,0.6039415001869202,0.5621465444564819,Ddur,00008.wav
0.15473665297031403,0.062060546875,612.93871982314,-155.72044372558594,79.99855041503906,8.441167831420898,22.456886291503906,11.737492561340332,0.27702051401138306,0.4288533627986908,0.8944684863090515,0.3852052092552185,0.2382059544324875,0.26343870162963867,0.4532765746116638,0.30573755502700806,0.40408095717430115,0.6237503290176392,0.3671453595161438,0.27646932005882263,Ddur,00009.wav
0.1316727101802826,0.03359375,404.6743471808666,-289.553466796875,51.79105758666992,6.809453010559082,19.18697166442871,11.953306198120117,0.6533075571060181,0.6977310180664062,0.8305947184562683,0.6483356952667236,0.5663519501686096,0.5166534185409546,0.635491669178009,0.6375378966331482,0.6910417079925537,0.8069566488265991,0.700095534324646,0.6594957709312439,Ddur,00011.wav
0.13247983157634735,0.06151123046875,712.8061007795966,-91.1414566040039,90.69587707519531,18.97201919555664,25.362953186035156,14.092412948608398,0.6169149875640869,0.5842244625091553,0.6456133127212524,0.4082905650138855,0.4210776388645172,0.4780006408691406,0.6103870272636414,0.5061578154563904,0.6093277931213379,0.7981969714164734,0.5795369744300842,0.6056739687919617,Ddur,00013.wav
0.19870160520076752,0.073095703125,670.615083323428,-42.520851135253906,92.2382583618164,24.23775291442871,27.576492309570312,13.579475402832031,0.6632422804832458,0.6486946940422058,0.6928753852844238,0.43896883726119995,0.4114871919155121,0.5002423524856567,0.5992733240127563,0.5112849473953247,0.6318819522857666,0.7319228649139404,0.5898358821868896,0.6239581108093262,Ddur,00014.wav
0.13815055787563324,0.0610107421875,687.9178487819457,-86.60233306884766,94.97840881347656,21.23883628845215,26.7799015045166,15.397624015808105,0.31716328859329224,0.40390199422836304,0.6928731203079224,0.37209880352020264,0.326956570148468,0.35466140508651733,0.5358408093452454,0.3681681752204895,0.4602981507778168,0.7312759757041931,0.42762088775634766,0.3040199875831604,Ddur,00017.wav
0.19090312719345093,0.08699951171875,821.2100961451266,-21.626543045043945,82.86735534667969,-6.6598219871521,33.423301696777344,26.872594833374023,0.5407414436340332,0.5356653928756714,0.7151211500167847,0.5771144032478333,0.5316115617752075,0.5796743035316467,0.6759442090988159,0.6155757904052734,0.687653124332428,0.6996361613273621,0.5612210035324097,0.5653271675109863,Ddur,00018.wav
0.18766678869724274,0.07880859375,690.3237199787496,-45.57738494873047,100.1836929321289,20.279468536376953,24.244863510131836,12.022855758666992,0.3305487036705017,0.3600997030735016,0.4807291626930237,0.5583375692367554,0.2920030951499939,0.2748498320579529,0.3219332695007324,0.37990042567253113,0.32276684045791626,0.4095236659049988,0.8124014139175415,0.39234915375709534,Disdur,00001.wav
0.15279585123062134,0.05819091796875,687.9539093081858,-88.32090759277344,98.00383758544922,15.268310546875,27.88057518005371,16.590579986572266,0.4456566870212555,0.45323866605758667,0.5143441557884216,0.6353458166122437,0.3668265640735626,0.35335713624954224,0.421062707901001,0.5636671781539917,0.4518934190273285,0.5216261744499207,0.8600572347640991,0.4986080229282379,Disdur,00002.wav
0.15664120018482208,0.0695556640625,711.9164115061506,-88.26177215576172,101.75081634521484,1.7523552179336548,27.91790771484375,20.1301326751709,0.13810166716575623,0.12958283722400665,0.2502187490463257,0.5978729724884033,0.21695411205291748,0.16182352602481842,0.1949462890625,0.41921257972717285,0.25976112484931946,0.37003764510154724,0.9746004939079285,0.3166046142578125,Disdur,00003.wav
0.18557599186897278,0.06956787109375,655.8803402516326,-48.368125915527344,99.8824691772461,24.750957489013672,24.713518142700195,12.219758987426758,0.39289742708206177,0.41467946767807007,0.49564653635025024,0.6555073857307434,0.3496224284172058,0.37181973457336426,0.3960629105567932,0.41486772894859314,0.39808517694473267,0.45777177810668945,0.77049720287323,0.4303928017616272,Disdur,00004.wav
0.11226766556501389,0.05020751953125,675.3579438929588,-109.5260238647461,94.18858337402344,27.049524307250977,25.663604736328125,10.661798477172852,0.45272010564804077,0.4357534945011139,0.4885459542274475,0.5385785102844238,0.34945112466812134,0.40391525626182556,0.4903968870639801,0.5345873236656189,0.5331128835678101,0.5293818712234497,0.7245117425918579,0.5126816034317017,Disdur,00005.wav
0.18260113894939423,0.08668212890625,673.8602161023509,-49.39419937133789,97.46578216552734,22.42671775817871,26.602710723876953,12.890649795532227,0.39495849609375,0.3410000205039978,0.4517556130886078,0.579328179359436,0.3006364405155182,0.3016086220741272,0.33531618118286133,0.5504544973373413,0.46352702379226685,0.4849613308906555,0.7019534707069397,0.46816787123680115,Disdur,00006.wav
0.16157522797584534,0.0855712890625,693.6854240431314,-60.568397521972656,93.1833724975586,20.149065017700195,28.015756607055664,14.789904594421387,0.5830914974212646,0.529866635799408,0.48869115114212036,0.49918660521507263,0.3311830461025238,0.3597889840602875,0.4191037714481354,0.4838188588619232,0.6004073023796082,0.5927044749259949,0.7583156228065491,0.655220091342926,Disdur,00009.wav
0.24893924593925476,0.07388916015625,644.4356738160425,-18.1472225189209,104.69588470458984,22.83353042602539,26.040307998657227,12.049565315246582,0.10180233418941498,0.0975266546010971,0.263022243976593,0.7177528738975525,0.15852555632591248,0.08237144351005554,0.09772615134716034,0.24330155551433563,0.22285673022270203,0.25791817903518677,0.7582438588142395,0.23603315651416779,Disdur,00010.wav
0.15306039154529572,0.07021484375,637.1383118023714,-82.08833312988281,99.77989959716797,24.31705665588379,28.06597328186035,14.718833923339844,0.3658328652381897,0.31770071387290955,0.3829202353954315,0.49840107560157776,0.2625618875026703,0.2645725607872009,0.30045390129089355,0.3715766966342926,0.42996659874916077,0.5074112415313721,0.870349109172821,0.5026739239692688,Disdur,00011.wav
0.11496283113956451,0.06790771484375,638.3578808296543,-139.82809448242188,93.31941223144531,20.174224853515625,24.787851333618164,11.12136173248291,0.296962171792984,0.29558491706848145,0.40035080909729004,0.6818286180496216,0.33517545461654663,0.2810646891593933,0.3077501654624939,0.457491934299469,0.4038507044315338,0.4537581503391266,0.8330196142196655,0.3980821967124939,Disdur,00012.wav
0.21359175443649292,0.07369384765625,640.6307965361807,-71.5,102.71556091308594,20.362533569335938,26.674718856811523,10.024945259094238,0.1132097989320755,0.11511524766683578,0.26327866315841675,0.68071049451828,0.21507947146892548,0.14106385409832,0.15520519018173218,0.34728285670280457,0.3143205940723419,0.3604732155799866,0.8906486630439758,0.3078834116458893,Disdur,00013.wav
0.17017577588558197,0.07086181640625,736.1584727055312,-54.365455627441406,99.42826843261719,4.14945125579834,32.568939208984375,22.12992286682129,0.11634068191051483,0.08494080603122711,0.1687164455652237,0.4403057098388672,0.13665303587913513,0.09501184523105621,0.166758194565773,0.45968741178512573,0.21805700659751892,0.2480584681034088,0.8128137588500977,0.2600148618221283,Disdur,00020.wav
0.20209042727947235,0.05130615234375,601.8530022614266,-106.20767974853516,104.2105941772461,26.540578842163086,28.57513999938965,12.252459526062012,0.3841377794742584,0.2805517911911011,0.24879202246665955,0.20063117146492004,0.26158931851387024,0.26859012246131897,0.2732312083244324,0.47367721796035767,0.8360186815261841,0.4119683802127838,0.3608495593070984,0.7039438486099243,Edur,00001.wav
0.1863376498222351,0.05987548828125,682.894638878954,-80.05259704589844,99.40130615234375,24.08819007873535,25.11233901977539,10.618060111999512,0.36186012625694275,0.2525073289871216,0.25976669788360596,0.2117420881986618,0.22160081565380096,0.20022013783454895,0.22310474514961243,0.3018929362297058,0.7179447412490845,0.37567323446273804,0.29284173250198364,0.6811569929122925,Edur,00002.wav
0.18620269000530243,0.0729248046875,679.0062151936168,-90.26763153076172,98.45658874511719,22.824405670166016,24.826196670532227,13.845852851867676,0.46970000863075256,0.26338279247283936,0.22162294387817383,0.1779714971780777,0.220272034406662,0.24972128868103027,0.2526741325855255,0.3212001323699951,0.7583507895469666,0.4163172245025635,0.323718786239624,0.7679412364959717,Edur,00003.wav
0.20632073283195496,0.0610595703125,698.7147097948052,-77.17401123046875,98.50172424316406,21.006977081298828,24.58932113647461,12.361554145812988,0.5437790155410767,0.40958714485168457,0.3822919726371765,0.2952742874622345,0.2871094346046448,0.2682187855243683,0.2864135801792145,0.3650856018066406,0.776518702507019,0.4597022533416748,0.38345658779144287,0.7518065571784973,Edur,00004.wav
0.13468267023563385,0.067919921875,650.5475086270203,-99.8690414428711,95.55335998535156,25.829181671142578,27.560932159423828,13.727381706237793,0.5327930450439453,0.3750796616077423,0.3376862406730652,0.29611724615097046,0.4099504053592682,0.38268789649009705,0.388576477766037,0.43914929032325745,0.641167402267456,0.5229139924049377,0.4643458425998688,0.7633428573608398,Edur,00005.wav
0.1782829314470291,0.07174072265625,611.3652961466078,-96.66263580322266,106.0799789428711,26.310144424438477,27.284412384033203,13.7515230178833,0.4053422808647156,0.23364338278770447,0.20219294726848602,0.17326989769935608,0.22647807002067566,0.20234020054340363,0.22082054615020752,0.3714739978313446,0.878095269203186,0.4282352030277252,0.2851038873195648,0.6604791879653931,Edur,00006.wav
0.275495707988739,0.06231689453125,669.7225409032417,-51.190086364746094,103.7386245727539,23.448362350463867,23.297670364379883,13.240580558776855,0.32513031363487244,0.15046033263206482,0.1408175379037857,0.12427102029323578,0.15118589997291565,0.12846341729164124,0.12642928957939148,0.23551997542381287,0.8131066560745239,0.35190272331237793,0.22299107909202576,0.6435331106185913,Edur,00007.wav
0.22994720935821533,0.0612060546875,662.224453108119,-64.3002700805664,103.85258483886719,22.70736312866211,24.41463279724121,13.2842378616333,0.3416477143764496,0.2187688797712326,0.1801854521036148,0.15124467015266418,0.17624211311340332,0.13637259602546692,0.17203228175640106,0.2942526936531067,0.8133807182312012,0.3217054605484009,0.21294984221458435,0.6454498767852783,Edur,00008.wav
0.21799428761005402,0.07254638671875,650.993968692708,-79.22584533691406,105.06681823730469,24.328815460205078,27.425216674804688,14.071279525756836,0.34747689962387085,0.24648642539978027,0.21586652100086212,0.1962231993675232,0.2055927813053131,0.19766119122505188,0.2143755853176117,0.3134579062461853,0.7736254930496216,0.3418304920196533,0.27477020025253296,0.6234159469604492,Edur,00009.wav
0.16559283435344696,0.06746826171875,649.9562749810673,-71.95490264892578,96.17627716064453,26.338451385498047,26.61629295349121,12.881794929504395,0.5820702314376831,0.4615705907344818,0.37998586893081665,0.2994534373283386,0.34287846088409424,0.364474356174469,0.4222882390022278,0.5265044569969177,0.6460150480270386,0.5242687463760376,0.5525743365287781,0.8175607919692993,Edur,00010.wav
0.1742546707391739,0.06566162109375,665.2708667669086,-85.4005355834961,99.56192779541016,23.898799896240234,31.957427978515625,15.577291488647461,0.6160622835159302,0.3175290524959564,0.23918691277503967,0.22477707266807556,0.28074201941490173,0.4446594715118408,0.27529603242874146,0.2577036917209625,0.5113137364387512,0.7684000730514526,0.3234075903892517,0.39493775367736816,Fdur,00011.wav
0.2130090892314911,0.06588134765625,633.5690314428175,-50.535400390625,103.4653091430664,23.067890167236328,29.672039031982422,15.620348930358887,0.7787854075431824,0.33440688252449036,0.18077000975608826,0.15759287774562836,0.2674456238746643,0.5268952250480652,0.2890332341194153,0.2698289155960083,0.43907347321510315,0.7363382577896118,0.3036765158176422,0.39326778054237366,Fdur,00012.wav
0.16694346070289612,0.06187744140625,625.2645408735946,-80.7147216796875,106.43841552734375,20.54935646057129,30.974945068359375,17.279552459716797,0.7185955047607422,0.30530768632888794,0.179242342710495,0.15107080340385437,0.22704963386058807,0.4377151131629944,0.22590239346027374,0.2328576296567917,0.4568842947483063,0.8265377283096313,0.3534904420375824,0.3316141963005066,Fdur,00013.wav
0.19414982199668884,0.06485595703125,662.9439826689188,-47.2668571472168,99.18218994140625,25.204586029052734,24.86762237548828,11.180132865905762,0.7443233728408813,0.44699200987815857,0.47719326615333557,0.45610952377319336,0.43454885482788086,0.6146517992019653,0.40606242418289185,0.34386634826660156,0.4212225377559662,0.575859546661377,0.4094265103340149,0.42631077766418457,Fdur,00014.wav
0.14026659727096558,0.05814208984375,704.1515468233686,-89.36576843261719,94.40776062011719,23.163501739501953,24.73123550415039,12.957597732543945,0.6998347043991089,0.5086827278137207,0.40516915917396545,0.31072911620140076,0.353135883808136,0.5200584530830383,0.428051233291626,0.3977709412574768,0.5801101922988892,0.6764079928398132,0.42479759454727173,0.43649354577064514,Fdur,00015.wav
0.17304342985153198,0.08167724609375,694.6112913273184,-67.75841522216797,99.99700927734375,21.05111312866211,27.99740982055664,14.151458740234375,0.6342926621437073,0.3213203549385071,0.23233458399772644,0.23503641784191132,0.33001190423965454,0.41759997606277466,0.28663864731788635,0.2850712239742279,0.5932486653327942,0.84222811460495,0.324077844619751,0.3195083737373352,Fdur,00016.wav
0.2220447063446045,0.06578369140625,643.3261326390991,-43.732749938964844,101.47481536865234,23.64014434814453,28.834314346313477,14.371577262878418,0.6347030997276306,0.37202149629592896,0.2304527312517166,0.17848211526870728,0.2400437593460083,0.4187815189361572,0.30205073952674866,0.2775041162967682,0.45253244042396545,0.7578020691871643,0.41495847702026367,0.3395536541938782,Fdur,00017.wav
0.19407868385314941,0.074365234375,670.3153114087215,-50.307613372802734,96.23780822753906,23.631431579589844,26.45012855529785,14.250839233398438,0.7922226786613464,0.48927587270736694,0.37533456087112427,0.3142492175102234,0.3599202036857605,0.4365188181400299,0.3927687108516693,0.4264499545097351,0.5313495397567749,0.7594220042228699,0.4782038629055023,0.5510474443435669,Fdur,00018.wav
0.15117914974689484,0.07154541015625,652.6784615713699,-100.88103485107422,97.32918548583984,22.419885635375977,27.840816497802734,13.39197063446045,0.806840717792511,0.5109595060348511,0.4375470280647278,0.3306970000267029,0.40441766381263733,0.5771472454071045,0.4817834496498108,0.4672819972038269,0.5905957221984863,0.6946101784706116,0.4981864392757416,0.6029527187347412,Fdur,00019.wav
0.1737057864665985,0.05828857421875,631.4699355570253,-78.41871643066406,101.61549377441406,21.935001373291016,28.79181480407715,16.026575088500977,0.7051709294319153,0.26650679111480713,0.1939074695110321,0.21828123927116394,0.2743045687675476,0.43491023778915405,0.2981495261192322,0.28910404443740845,0.4374489188194275,0.6204290986061096,0.2905426323413849,0.370841383934021,Fdur,00020.wav
0.1614941954612732,0.0707275390625,649.4506971641429,-70.68656158447266,104.8161392211914,23.619430541992188,26.8331298828125,12.184244155883789,0.3674682378768921,0.5841900110244751,0.31625568866729736,0.21765005588531494,0.2508840560913086,0.39659103751182556,0.7694085240364075,0.3613952398300171,0.5889686346054077,0.4231920838356018,0.487692266702652,0.3127898573875427,Fisdur,00021.wav
0.20718364417552948,0.06357421875,628.416029888006,-50.73048782348633,102.2544174194336,27.91715431213379,26.586471557617188,13.183207511901855,0.4174554944038391,0.5634471774101257,0.3723430633544922,0.23399421572685242,0.24128854274749756,0.43834003806114197,0.8346257209777832,0.4133155941963196,0.5439862012863159,0.4937683939933777,0.5657578706741333,0.37186530232429504,Fisdur,00022.wav
0.16799858212471008,0.06358642578125,661.36009157166,-65.51948547363281,97.70967864990234,24.574718475341797,26.332889556884766,13.061531066894531,0.5330386161804199,0.6628056764602661,0.5042006969451904,0.3519288897514343,0.36499595642089844,0.5104701519012451,0.7787304520606995,0.47238320112228394,0.5635024309158325,0.5305780172348022,0.5186464190483093,0.4827600419521332,Fisdur,00023.wav
0.17998158931732178,0.06319580078125,609.3117496992934,-76.019287109375,102.61509704589844,26.822296142578125,29.76898193359375,17.066774368286133,0.41393905878067017,0.647335410118103,0.32225722074508667,0.16745953261852264,0.20892521739006042,0.395520955324173,0.777458667755127,0.406512975692749,0.38374990224838257,0.42617616057395935,0.5697637796401978,0.3643836975097656,Fisdur,00024.wav
0.22535604238510132,0.061572265625,611.2654414778092,-45.378379821777344,100.9913558959961,28.839801788330078,28.74344825744629,13.542407035827637,0.4195360541343689,0.5401047468185425,0.380984365940094,0.22281381487846375,0.23036766052246094,0.36247512698173523,0.8200554847717285,0.45242151618003845,0.5156434774398804,0.49244260787963867,0.5044123530387878,0.42213472723960876,Fisdur,00025.wav
0.13339105248451233,0.07816162109375,634.7262679356024,-107.72807312011719,98.85618591308594,25.57733154296875,29.539831161499023,16.93148422241211,0.4411587715148926,0.6328567862510681,0.37481215596199036,0.20088651776313782,0.21766555309295654,0.3698878288269043,0.7146658301353455,0.4535659849643707,0.504958987236023,0.49709802865982056,0.5935166478157043,0.4764882028102875,Fisdur,00026.wav
0.21010823547840118,0.0621337890625,639.4184927430358,-55.003257751464844,103.69474792480469,22.749677658081055,29.303730010986328,14.660589218139648,0.44903770089149475,0.7174635529518127,0.3674113154411316,0.18084177374839783,0.18085460364818573,0.3777340054512024,0.8029739260673523,0.4023635983467102,0.46076464653015137,0.4410761296749115,0.49459949135780334,0.3632895350456238,Fisdur,00027.wav
0.18915916979312897,0.07431640625,623.2721462445312,-68.3955078125,104.7909927368164,25.827606201171875,27.821447372436523,14.494214057922363,0.3795340657234192,0.6202139258384705,0.30424243211746216,0.2084764987230301,0.24349245429039001,0.42270034551620483,0.8258482813835144,0.5162898302078247,0.6438462734222412,0.432622492313385,0.5385439991950989,0.34500280022621155,Fisdur,00028.wav
0.1890653371810913,0.06884765625,637.856903770394,-65.32771301269531,99.49071502685547,23.51283836364746,29.098125457763672,14.686429023742676,0.4200349450111389,0.5376797914505005,0.3842850625514984,0.24693484604358673,0.2851567268371582,0.4574720859527588,0.7581238150596619,0.4495716094970703,0.5074805021286011,0.5677427649497986,0.6634646654129028,0.41898059844970703,Fisdur,00029.wav
0.21845412254333496,0.0705078125,660.6951722363403,-34.18992233276367,97.350830078125,25.30193519592285,27.287220001220703,12.219245910644531,0.48339423537254333,0.6781889200210571,0.5621610879898071,0.3997616171836853,0.3658432364463806,0.5057288408279419,0.8113136291503906,0.5009497404098511,0.5492210388183594,0.47011882066726685,0.5044757723808289,0.4429949223995209,Fisdur,00030.wav
0.20758932828903198,0.07001953125,676.536223922368,-44.35834503173828,101.51248168945312,25.047670364379883,27.676616668701172,9.171426773071289,0.3133871853351593,0.25818443298339844,0.605608344078064,0.277023047208786,0.15862607955932617,0.18630409240722656,0.41838303208351135,0.773484468460083,0.46036458015441895,0.3083598017692566,0.3313208222389221,0.7353213429450989,Gdur,00031.wav
0.21165095269680023,0.06541748046875,651.2928287432109,-41.207298278808594,98.5910415649414,25.693775177001953,25.753681182861328,12.74329662322998,0.4567236304283142,0.4399843215942383,0.6209606528282166,0.3951388895511627,0.2818126976490021,0.3500528931617737,0.43699222803115845,0.7448426485061646,0.5236058235168457,0.39757609367370605,0.3949389159679413,0.554766058921814,Gdur,00032.wav
0.20027278363704681,0.05784912109375,693.0516598369024,-46.49882125854492,90.65385437011719,21.851755142211914,25.387781143188477,15.2584810256958,0.6645203828811646,0.6279155611991882,0.5905085802078247,0.34342893958091736,0.32339462637901306,0.3977299928665161,0.5362497568130493,0.6733432412147522,0.7139766812324524,0.6954395771026611,0.5274103879928589,0.5839857459068298,Gdur,00033.wav
0.15816469490528107,0.079541015625,673.5962302417854,-99.82149505615234,98.87418365478516,21.30767822265625,24.61688804626465,10.644365310668945,0.5396238565444946,0.46224889159202576,0.6300928592681885,0.39466264843940735,0.32657724618911743,0.37960293889045715,0.5126963257789612,0.6661115884780884,0.5356066823005676,0.4503421187400818,0.4100129008293152,0.7429333329200745,Gdur,00034.wav
0.19149582087993622,0.06180419921875,619.3016049342223,-68.68086242675781,102.10456848144531,26.040796279907227,25.241443634033203,14.330812454223633,0.4709664285182953,0.45849108695983887,0.6061674952507019,0.320271760225296,0.2700326144695282,0.31483668088912964,0.4709354341030121,0.6846272945404053,0.5629192590713501,0.4765118658542633,0.42158937454223633,0.5971872210502625,Gdur,00035.wav
0.1599215865135193,0.08125,616.8632445126632,-96.47167205810547,104.27012634277344,28.065786361694336,27.085079193115234,12.246081352233887,0.3911430239677429,0.32188478112220764,0.45640167593955994,0.2528238892555237,0.23820486664772034,0.2797996997833252,0.4144435524940491,0.7865880727767944,0.482249915599823,0.34338170289993286,0.3484683334827423,0.6893343925476074,Gdur,00036.wav
0.14406871795654297,0.06875,615.9555011455814,-92.36439514160156,103.39469909667969,26.505142211914062,26.4318904876709,12.70939826965332,0.4592618942260742,0.32799091935157776,0.4640067517757416,0.2230115681886673,0.16331025958061218,0.21151164174079895,0.41103196144104004,0.7038482427597046,0.5187174677848816,0.3672916293144226,0.32424405217170715,0.7892488837242126,Gdur,00037.wav
0.14998729526996613,0.09654541015625,656.962263488572,-88.41816711425781,99.70027160644531,22.632553100585938,26.502197265625,13.950167655944824,0.46357792615890503,0.3748779594898224,0.6120017170906067,0.3026026487350464,0.22660978138446808,0.2675035893917084,0.39010167121887207,0.5872839689254761,0.5101600885391235,0.41691023111343384,0.3707030117511749,0.8333045840263367,Gdur,00038.wav
0.2077980935573578,0.0757080078125,644.2875136228853,-49.60967254638672,95.69721984863281,27.526851654052734,26.50689697265625,12.60692310333252,0.6268802881240845,0.5253573656082153,0.6462094187736511,0.47688955068588257,0.31508153676986694,0.3883926272392273,0.47812873125076294,0.7293976545333862,0.6845933198928833,0.6145122647285461,0.48176783323287964,0.5790656208992004,Gdur,00039.wav
0.1295752078294754,0.083251953125,675.1768792005432,-100.70255279541016,99.13463592529297,24.698923110961914,24.369348526000977,13.431355476379395,0.43629637360572815,0.41975846886634827,0.7331293225288391,0.37715399265289307,0.31392693519592285,0.3462235927581787,0.4888191223144531,0.7409113645553589,0.5309095978736877,0.4413950443267822,0.3830992877483368,0.6393052339553833,Gdur,00040.wav
0.17562219500541687,0.05848388671875,670.852031314239,-82.96387481689453,102.15460205078125,23.765539169311523,24.37505340576172,9.083758354187012,0.39553672075271606,0.32678157091140747,0.3576805889606476,0.3073323369026184,0.20857782661914825,0.22906729578971863,0.2908117175102234,0.3771283030509949,0.8464581370353699,0.4996818006038666,0.30593395233154297,0.34187984466552734,Gisdur,00041.wav
0.19045504927635193,0.07469482421875,616.5207290065015,-85.27470397949219,103.69075775146484,25.610498428344727,27.281646728515625,10.413707733154297,0.3374748229980469,0.2623482346534729,0.26515981554985046,0.3041907250881195,0.1996217668056488,0.21235540509223938,0.23578064143657684,0.42938143014907837,0.9532566070556641,0.42837363481521606,0.23544105887413025,0.3083469569683075,Gisdur,00042.wav
0.1680983304977417,0.06444091796875,655.3524270584381,-104.1799087524414,98.2469482421875,25.782812118530273,27.103118896484375,13.73535442352295,0.5951818227767944,0.4236641526222229,0.36539140343666077,0.3549227714538574,0.28872549533843994,0.32133322954177856,0.31728893518447876,0.4238635003566742,0.890968918800354,0.5308002233505249,0.3517840504646301,0.434755802154541,Gisdur,00043.wav
0.16927580535411835,0.060205078125,647.3733641861589,-79.53456115722656,98.4041976928711,24.469528198242188,27.430883407592773,12.044646263122559,0.5467559099197388,0.4427892565727234,0.4025896191596985,0.38733381032943726,0.2551633417606354,0.27394574880599976,0.32813915610313416,0.44391828775405884,0.8253462910652161,0.5219722390174866,0.3585392236709595,0.4714895188808441,Gisdur,00044.wav
0.17321813106536865,0.0737060546875,660.9789965798072,-97.79141998291016,101.81708526611328,24.17516326904297,23.0301456451416,10.643339157104492,0.4238217771053314,0.36393460631370544,0.4114156663417816,0.5339211225509644,0.3686803877353668,0.34776198863983154,0.3370220959186554,0.41114670038223267,0.8175879716873169,0.43725401163101196,0.299460232257843,0.3479711413383484,Gisdur,00045.wav
0.11883004009723663,0.0632568359375,704.3528107342897,-107.95865631103516,90.55036926269531,21.97648048400879,26.06516456604004,11.664800643920898,0.7576784491539001,0.5457559823989868,0.48249751329421997,0.48165878653526306,0.34128338098526,0.36220595240592957,0.4520536959171295,0.4724430441856384,0.6169314384460449,0.5720486044883728,0.46786728501319885,0.5508733987808228,Gisdur,00046.wav
0.14544677734375,0.0762451171875,668.1722139058871,-81.97493743896484,94.89937591552734,24.62239646911621,25.101768493652344,11.242620468139648,0.6827914118766785,0.5689116716384888,0.5136526226997375,0.46080702543258667,0.40710529685020447,0.4669617712497711,0.5202497243881226,0.5624250173568726,0.8520017862319946,0.6885690689086914,0.5302724242210388,0.630824089050293,Gisdur,00047.wav
0.1594841033220291,0.0710205078125,683.8389209023493,-95.03646850585938,99.0190658569336,23.026248931884766,23.551570892333984,11.730344772338867,0.4653177857398987,0.45064741373062134,0.46749621629714966,0.4595651626586914,0.31769800186157227,0.3377898931503296,0.4076448976993561,0.5056687593460083,0.8382625579833984,0.5119671821594238,0.3562309741973877,0.37183696031570435,Gisdur,00048.wav
0.16078394651412964,0.0698974609375,612.4483110135485,-104.98027038574219,103.9290542602539,28.84686279296875,25.290950775146484,10.3016357421875,0.4776446223258972,0.32458847761154175,0.26503920555114746,0.3014477789402008,0.22862735390663147,0.24113857746124268,0.2808469831943512,0.450734943151474,0.9463464021682739,0.4839918613433838,0.28481554985046387,0.3850478529930115,Gisdur,00049.wav
0.1553443968296051,0.0737548828125,644.1100327062871,-92.0801010131836,101.30304718017578,25.152997970581055,25.82736587524414,11.02797794342041,0.2906385660171509,0.21614491939544678,0.24391791224479675,0.3710981607437134,0.2601543366909027,0.24197635054588318,0.22354905307292938,0.41766157746315,0.960858166217804,0.4782012403011322,0.2643192410469055,0.2656595706939697,Gisdur,00050.wav
